external_key,apollo_id
931275085,67a95f8ac3afc-ID
931275085,67a95f8bb4002-ID
931279807,67a97a25bcc7b-ID
931280350,67a97c5fdf986-ID
931280367,67a97c891767b-ID
931280367,67a97c8d3efc5-ID
931281595,67a9826e826f3-ID
931281595,67a9826eb6504-ID
931281595,67a9826e12459-ID
931281595,67a9826e5eebc-ID
931281694,67a982f099e4b-ID
931278950,67a9760b4ea47-ID
931278950,67a9760a99e20-ID
931282759,67a9886cc03a0-ID
931282759,67a9886e515ae-ID
931282759,67a9886d8e25a-ID
931282759,67a9886f30565-ID
931282800,67a988ddb4cd4-ID
931282823,67a9891741d0a-ID
931282823,67a98919068fd-ID
931282823,67a98918a8dad-ID
931282823,67a989195cd14-ID
931282854,67a989419dbd2-ID
931282854,67a98940a1975-ID
931282891,67a9896393c65-ID
931283172,67a98b6ad5405-ID
931283172,67a98b6c1133c-ID
931283394,67a98c60aefd6-ID
931283394,67a98c6069526-ID
931283394,67a98c618812e-ID
931283394,67a98c621b20b-ID
931283584,67a98d4828d50-ID
931283615,67a98d731f011-ID
931283615,67a98d7454ab0-ID
931283634,67a98d90ecd2a-ID
931283740,67a98e404bcce-ID
931283740,67a98e4193299-ID
931283740,67a98e41502ba-ID
931283740,67a98e40c8bcf-ID
931284192,67a9910829e76-ID
931284192,67a9910b2e76d-ID
931284268,67a99154868e1-ID
931284371,67a9928f2dce2-ID
931284681,67a993b1bfe0b-ID
931284725,67a993e3d2210-ID
931284854,67a994fe196f6-ID
931276991,67a96b362b897-ID
931276991,67a96b3969146-ID
931276991,67a96b392dfb8-ID
931277021,67a96b5b21ab5-ID
931277021,67a96b5b5596d-ID
931277070,67a96ba38065c-ID
931277070,67a96ba3b65b4-ID
931277070,67a96ba57278d-ID
931277120,67a96befdcff1-ID
931277120,67a96beed3cbc-ID
931277120,67a96bef2162f-ID
931277120,67a96bef3b98e-ID
931280339,67a97c09ebeee-ID
931280339,67a97c0d786f1-ID
931280339,67a97c0d826f5-ID
931280383,67a97c28df5a5-ID
931280383,67a97bb9d09f9-ID
931280383,67a97c265b541-ID
931280589,67a97d8e04356-ID
931280589,67a97d8e2af64-ID
931280743,67a97deac664b-ID
931280799,67a97c71b9d4f-ID
931280799,67a97c7620526-ID
931280893,67a97ef73a42a-ID
931280938,67a97f05db15c-ID
931280938,67a97f054da7e-ID
931281081,67a97fd41bbf9-ID
931281081,67a97f79ca0f7-ID
931281081,67a97fd46f92a-ID
931281135,67a97fc14b332-ID
931281135,67a97fc35a95e-ID
931281135,67a97fc592604-ID
931281317,67a980cc3a694-ID
931281363,67a9807268c70-ID
931281591,67a98227d2f2b-ID
931281655,67a9819b8512c-ID
931282152,67a9853671617-ID
931282152,67a9853a3eca1-ID
931282152,67a9853a8e211-ID
931282190,67a98534e8438-ID
931283223,67a98a9d6c377-ID
931284024,67a98f37aed46-ID
931284068,67a98f790eb27-ID
931284255,67a9908b50300-ID
931284255,67a9908c35843-ID
931284326,67a9917b94c5c-ID
931284462,67a9928b7bb08-ID
931284639,67a9929576b85-ID
931284702,67a99299cefe3-ID
931284702,67a9929633cd6-ID
931284702,67a992983644e-ID
931284809,67a99462f1784-ID
931284809,67a99464cddba-ID
931284830,67a9948384a1a-ID
931284830,67a99482c9bef-ID
931284844,67a99495ca500-ID
931284844,67a99496600a8-ID
931284889,67a994dd683fd-ID
931284889,67a994e0caace-ID
931284889,67a994e109ec8-ID
931284991,67a994f5978c0-ID
931284991,67a994f5c54d2-ID
931285036,67a995e092a55-ID
931285051,67a995e39b2c6-ID
931285051,67a995e317895-ID
931285051,67a995e54360d-ID
931285063,67a994eadba61-ID
931285063,67a994787c96d-ID
931285063,67a994ea9945b-ID
931285250,67a99677b0976-ID
931285250,67a996fd7ee09-ID
931285250,67a997022a84c-ID
931285226,67a99740acd07-ID
931285226,67a9974077365-ID
931285226,67a997411a7a1-ID
931285226,67a99742328a7-ID
931285286,67a996f50ef0f-ID
931285286,67a996bf4df15-ID
931285360,67a99778602e8-ID
931285360,67a9982b70154-ID
931285447,67a998451ea63-ID
931285447,67a997bc3b231-ID
931285447,67a998400d002-ID
931285447,67a9984103ac8-ID
931285511,67a99825df896-ID
931285625,67a9993b271c3-ID
931284889,67a999df6273e-ID
931284889,67a999e32cb59-ID
931285758,67a999f84af53-ID
931285764,67a99a0111ad1-ID
931285798,67a99a303726e-ID
931285798,67a99a32a2125-ID
931285846,67a99a4414804-ID
931285846,67a99a632476e-ID
931285846,67a99a46a127b-ID
931285846,67a99a45d72ed-ID
931285929,67a99ae3efbcf-ID
931285929,67a99ae4d8137-ID
931285929,67a99ae49810b-ID
931285976,67a99b12ad944-ID
931286162,67a99c0fe59e8-ID
931286162,67a99c0e905d1-ID
931286162,67a99c0fa160f-ID
931286164,67a99c0ce49a4-ID
931286164,67a99c0d1553d-ID
931286249,67a99c83b7804-ID
931286249,67a99c855d7c6-ID
931286249,67a99c841b4fb-ID
931285929,67a99ca564ae7-ID
931285929,67a99ca3ed343-ID
931286360,67a99cf4bd1e7-ID
931285950,67a99d44190d6-ID
931285950,67a99d45b34ab-ID
931285950,67a99d47b919c-ID
931286413,67a99d3813bfc-ID
931286413,67a99d387763a-ID
931286413,67a99d3860b3e-ID
931287408,67a9a27b2f5bb-ID
931287408,67a9a27a5ef8b-ID
931287433,67a9a2a10d6d9-ID
931287485,67a9a2e7c9258-ID
931287485,67a9a2e62ce3e-ID
931287485,67a9a2ea2dc6b-ID
931287624,67a9a3cf2d13a-ID
931287947,67a9a58a901e0-ID
931288011,67a9a5b355ef4-ID
931288011,67a9a5af564b4-ID
931288151,67a9a67f5ef27-ID
931288151,67a9a6810d99f-ID
931288188,67a9a6b0497aa-ID
931287485,67a9a66990748-ID
931288344,67a9a77a7e789-ID
931288633,67a9a8b147a63-ID
931288633,67a9a8b38e00a-ID
931288653,67a9a81f59c94-ID
931288667,67a9a91f9bdae-ID
931288667,67a9a91fcf9f9-ID
931288667,67a9a91d4d605-ID
931288715,67a9a8cce46da-ID
931288715,67a9a8cc5d25f-ID
931288715,67a9a9319b418-ID
931288715,67a9a93003136-ID
931288715,67a9a92fad398-ID
931289371,67a9acd52fa88-ID
931289371,67a9acd56078f-ID
931289371,67a9acd880e43-ID
931289631,67a9adf4b7b51-ID
931289631,67a9adf4919f0-ID
931289631,67a9adf5b5428-ID
931289631,67a9adf6463a6-ID
931290184,67a9b04aae1d5-ID
931290187,67a9b140cf94d-ID
931290533,67a9b21bd47a6-ID
931277051,67a96b800b4e6-ID
931277089,67a96bb84adc7-ID
931277148,67a96c1b7e999-ID
931277148,67a96c1b51877-ID
931285302,67a997824b7da-ID
931285410,67a9983412b17-ID
931285410,67a998340b4d4-ID
931288482,67a9a82940693-ID
931288482,67a9a8291fc6e-ID
931288482,67a9a82a8ab5e-ID
931288775,67a9a9b5bc55c-ID
931288775,67a9a9b5d307d-ID
931288775,67a9a9b54ffb8-ID
931288775,67a9a9b6d410b-ID
931288794,67a9a98d0d16d-ID
931288794,67a9a98d35b03-ID
931288794,67a9a98db2768-ID
931288794,67a9a98f9e062-ID
931288794,67a9a993e7661-ID
931288911,67a9a9e7a20b8-ID
931288911,67a9a9da61295-ID
931288911,67a9a9d803792-ID
931288949,67a9aa7788a4e-ID
931288949,67a9aa77e43a7-ID
931288980,67a9aa691382b-ID
931288980,67a9aa6caa8dd-ID
931288980,67a9aa6914ab9-ID
931288980,67a9aa6a59933-ID
931289076,67a9ab1fb0eb2-ID
931289663,67a9adc51c2bc-ID
931289663,67a9adc56eb21-ID
931289663,67a9add05fb4c-ID
931289806,67a9ae74437f8-ID
931290192,67a9b0435bb19-ID
931290192,67a9b04605bff-ID
931290192,67a9b0465f4f4-ID
931290232,67a9b089180e4-ID
931290232,67a9b081de653-ID
931290232,67a9b08b32417-ID
931290282,67a9b0bd7b3d3-ID
931290282,67a9b0bd444f5-ID
931290427,67a9b179b31f6-ID
931290427,67a9b182ea74a-ID
931290427,67a9b184b0ebf-ID
931290467,67a9b1b85c930-ID
931290467,67a9b1b9f34a4-ID
931290648,67a9b2b388314-ID
931291210,67a9b50e1977a-ID
931291210,67a9b58b95f61-ID
931291210,67a9b58d19a38-ID
931291210,67a9b58dce36c-ID
931291305,67a9b5dc8b348-ID
931291363,67a9b610e859f-ID
931291363,67a9b60f9fce0-ID
931291445,67a9b676c4164-ID
931291445,67a9b67861ba5-ID
931291518,67a9b6e18aae6-ID
931291518,67a9b6e00d23a-ID
931292071,67a9b988c939c-ID
931292722,67a9bd13c2672-ID
931292722,67a9bd1364f2c-ID
931292828,67a9bd94bd980-ID
931292828,67a9bd9546a09-ID
931292832,67a9bdd3cd1b8-ID
931292832,67a9bdd5a79f9-ID
931292982,67a9be5c2099d-ID
931292982,67a9be5095028-ID
931293049,67a9beab9cb00-ID
931293049,67a9beac9f0b8-ID
931293099,67a9bf00f03f6-ID
931293099,67a9bf0146b92-ID
931293212,67a9bf8a1ab33-ID
931293212,67a9bf89c48b6-ID
931293212,67a9bf8875a06-ID
931293212,67a9bf89d93a6-ID
931289901,67a9aee7cdd44-ID
931290296,67a9aeb3a157e-ID
931290384,67a9aebcb5a42-ID
931290384,67a9b092e9ead-ID
931290384,67a9b094b0a64-ID
931290531,67a9b217782a9-ID
931290606,67a9b20130233-ID
931290895,67a9b209b092a-ID
931290895,67a9b2090ba68-ID
931291897,67a9b8b3dfd92-ID
931291897,67a9b8d17c777-ID
931291897,67a9b8d14779d-ID
931291897,67a9b8d34ee00-ID
931292283,67a9ba6763da0-ID
931292283,67a9ba6aed20b-ID
931292970,67a9be4449a6e-ID
931292988,67a9be09f2bf2-ID
931292988,67a9be076dfa8-ID
931293084,67a9be073bbc1-ID
931293087,67a9bee7740df-ID
931293159,67a9bf1492347-ID
931293159,67a9bf16f3266-ID
931293159,67a9bf12d5fb1-ID
931293159,67a9bf1415ab1-ID
931293293,67a9bffdaea18-ID
931293293,67a9bffebad69-ID
931293316,67a9c019c4d54-ID
931293316,67a9c01b552d8-ID
931293332,67a9c03537354-ID
931293350,67a9c054e0609-ID
931293504,67a9c0dfdafa6-ID
931293504,67a9c0e0c8ce3-ID
931293527,67a9c12964a3f-ID
931293527,67a9c12cd8f73-ID
931293607,67a9c1a5e60b1-ID
931293607,67a9c1a572a18-ID
931293624,67a9c1bda9c31-ID
931293624,67a9c1bda72b0-ID
931293624,67a9c1bd10135-ID
931293624,67a9c1bf50df4-ID
931293651,67a9c1c797a57-ID
931293651,67a9c1c8a1df2-ID
931293692,67a9c1ff13509-ID
931293692,67a9c1fe6455e-ID
931293692,67a9c1ff05334-ID
931293692,67a9c1fe0dd20-ID
931293332,67a9c2c433a2c-ID
931293939,67a9c2d1e9bec-ID
931293939,67a9c2d229530-ID
931293939,67a9c2d11bd3f-ID
931293939,67a9c2d31fc21-ID
931293159,67a9c41c0ec68-ID
931293159,67a9c41d9f376-ID
931293159,67a9c41e6a16c-ID
931294229,67a9c4ba35d5d-ID
931294229,67a9c4bd890b5-ID
931294338,67a9c53bebf6b-ID
931294396,67a9c57039ff4-ID
931294396,67a9c56d960de-ID
931294396,67a9c56d5c4e3-ID
931294431,67a9c5a9c1d24-ID
931294449,67a9c5cc218fe-ID
931295081,67a9c92caaf30-ID
931295081,67a9c91fa9d92-ID
931295081,67a9c91f06809-ID
931295081,67a9c91f7f95b-ID
931295452,67a9cb120af7d-ID
931295452,67a9cb111b20c-ID
931295452,67a9cb15e0a6d-ID
931295452,67a9cb137dd5b-ID
931295660,67a9cc4a0e09f-ID
931295873,67a9ccec12578-ID
931294739,67a9c7724356e-ID
931294866,67a9c7a5efdb3-ID
931294866,67a9c7a49d522-ID
931294866,67a9c7a635441-ID
931295090,67a9c924f2fa6-ID
931295131,67a9c96cd4553-ID
931295131,67a9c96df001f-ID
931295131,67a9c97034d8c-ID
931296147,67a9ce359c920-ID
931294739,67a9d03e7ba60-ID
931296420,67a9d03c566ed-ID
931296420,67a9d12cb1e13-ID
931296420,67a9d12daa6d1-ID
931296420,67a9d12d30a72-ID
931296496,67a9d11f76485-ID
931296496,67a9d1236b4a5-ID
931296572,67a9d1b4e4b23-ID
931296572,67a9d1b378a64-ID
931296572,67a9d1b378f0e-ID
931296633,67a9d25eb778b-ID
931296633,67a9d25e37c19-ID
931296649,67a9d2101e3a8-ID
931296649,67a9d21015679-ID
931296649,67a9d21279060-ID
931296649,67a9d21225bca-ID
931296669,67a9d29962522-ID
931296669,67a9d29b82eba-ID
931296669,67a9d29b76519-ID
931296714,67a9d2e9c7638-ID
931296714,67a9d2eada5f4-ID
931296736,67a9d2b44522b-ID
931296740,67a9d3139a15c-ID
931296740,67a9d316df319-ID
931296740,67a9d314e2e81-ID
931296848,67a9d3abb6237-ID
931296852,67a9d3b58315e-ID
931296873,67a9d3e922037-ID
931296873,67a9d3e92daea-ID
931296873,67a9d3ec2a99f-ID
931296899,67a9d40b9e078-ID
931296899,67a9d40bc278f-ID
931296899,67a9d40c5ceca-ID
931296899,67a9d41144808-ID
931296899,67a9d40cac338-ID
931296917,67a9d42eaab97-ID
931296917,67a9d42d1bf7b-ID
931296917,67a9d43066e51-ID
931296917,67a9d42f0b984-ID
931297001,67a9d49d772cf-ID
931297055,67a9d4d8d99fa-ID
931297082,67a9d50f3137c-ID
931297340,67a9d662879bf-ID
931297678,67a9d8dc81d5f-ID
931297693,67a9d90e30a1c-ID
931297693,67a9d90d379ee-ID
931297693,67a9d90fe1aac-ID
931297693,67a9d90f43aa5-ID
931297693,67a9d90f75acb-ID
931297730,67a9d9406cee2-ID
931297730,67a9d9406027f-ID
931297730,67a9d944089a1-ID
931297782,67a9d998bc24c-ID
931297798,67a9d9b4ae2ab-ID
931297798,67a9d9b36c000-ID
931297819,67a9d9d081396-ID
931297819,67a9d9d2eebb1-ID
931297819,67a9d9d21bdd5-ID
931297819,67a9d9d352ce3-ID
931297819,67a9d9d0c5cd2-ID
